{"entity.ender_dragon.ambient":{"sounds":[{"name":"mob\/enderdragon\/growl1","volume":0.05},{"name":"mob\/enderdragon\/growl2","volume":0.05},{"name":"mob\/enderdragon\/growl3","volume":0.05},{"name":"mob\/enderdragon\/growl4","volume":0.05}],"replace":true,"subtitle":"subtitles.entity.ender_dragon.ambient"},"entity.ender_dragon.death":{"sounds":[],"replace":true,"subtitle":"subtitles.entity.ender_dragon.death"},"entity.ender_dragon.flap":{"sounds":[{"name":"mob\/enderdragon\/wings1","volume":0.05},{"name":"mob\/enderdragon\/wings2","volume":0.05},{"name":"mob\/enderdragon\/wings3","volume":0.05},{"name":"mob\/enderdragon\/wings4","volume":0.05},{"name":"mob\/enderdragon\/wings5","volume":0.05},{"name":"mob\/enderdragon\/wings6","volume":0.05}],"replace":true,"subtitle":"subtitles.entity.ender_dragon.flap"},"entity.ender_dragon.growl":{"sounds":[{"name":"mob\/enderdragon\/growl1","volume":0.05},{"name":"mob\/enderdragon\/growl2","volume":0.05},{"name":"mob\/enderdragon\/growl3","volume":0.05},{"name":"mob\/enderdragon\/growl4","volume":0.05}],"replace":true,"subtitle":"subtitles.entity.ender_dragon.growl"},"entity.ender_dragon.hurt":{"sounds":[{"name":"mob\/enderdragon\/hit1","volume":0.05},{"name":"mob\/enderdragon\/hit2","volume":0.05},{"name":"mob\/enderdragon\/hit3","volume":0.05},{"name":"mob\/enderdragon\/hit4","volume":0.05}],"replace":true,"subtitle":"subtitles.entity.ender_dragon.hurt"},"entity.ender_dragon.shoot":{"sounds":[{"name":"mob\/ghast\/fireball4","volume":0.05}],"replace":true,"subtitle":"subtitles.entity.ender_dragon.shoot"},"ambient.cave":{"sounds":[],"replace":true},"block.portal.ambient":{"sounds":[{"attenuation_distance":10,"name":"portal\/portal","volume":0.05}],"replace":true,"subtitle":"subtitles.block.portal.ambient"},"block.portal.travel":{"sounds":[{"name":"portal\/travel","volume":0.05}],"replace":true},"block.portal.trigger":{"sounds":[{"name":"portal\/trigger","volume":0.05}],"replace":true,"subtitle":"subtitles.block.portal.trigger"},"ambient.underwater.enter":{"sounds":[{"name":"ambient\/underwater\/enter1","volume":0.025},{"name":"ambient\/underwater\/enter2","volume":0.025},{"name":"ambient\/underwater\/enter3","volume":0.025}],"replace":true},"ambient.underwater.exit":{"sounds":[{"name":"ambient\/underwater\/exit1","volume":0.015},{"name":"ambient\/underwater\/exit2","volume":0.015},{"name":"ambient\/underwater\/exit3","volume":0.015}],"replace":true},"ambient.underwater.loop":{"sounds":[{"name":"ambient\/underwater\/underwater_ambience","stream":true,"volume":0.0325}],"replace":true},"ambient.underwater.loop.additions":{"sounds":[{"name":"ambient\/underwater\/additions\/bubbles1","volume":0.05},{"name":"ambient\/underwater\/additions\/bubbles2","volume":0.05},{"name":"ambient\/underwater\/additions\/bubbles3","volume":0.05},{"name":"ambient\/underwater\/additions\/bubbles4","volume":0.05},{"name":"ambient\/underwater\/additions\/bubbles5","volume":0.05},{"name":"ambient\/underwater\/additions\/bubbles6","volume":0.05},{"name":"ambient\/underwater\/additions\/water1","volume":0.05},{"name":"ambient\/underwater\/additions\/water2","volume":0.05}],"replace":true},"ambient.underwater.loop.additions.rare":{"sounds":[{"name":"ambient\/underwater\/additions\/animal1","volume":0.0225},{"name":"ambient\/underwater\/additions\/bass_whale1","volume":0.0225},{"name":"ambient\/underwater\/additions\/bass_whale2","volume":0.025},{"name":"ambient\/underwater\/additions\/crackles1","volume":0.035},{"name":"ambient\/underwater\/additions\/crackles2","volume":0.05},{"name":"ambient\/underwater\/additions\/driplets1","volume":0.025},{"name":"ambient\/underwater\/additions\/driplets2","volume":0.025},{"name":"ambient\/underwater\/additions\/earth_crack","volume":0.05}],"replace":true},"ambient.underwater.loop.additions.ultra_rare":{"sounds":[{"name":"ambient\/underwater\/additions\/animal2","volume":0.05},{"name":"ambient\/underwater\/additions\/dark1","volume":0.05},{"name":"ambient\/underwater\/additions\/dark2","volume":0.035},{"name":"ambient\/underwater\/additions\/dark3","volume":0.05},{"name":"ambient\/underwater\/additions\/dark4","volume":0.05}],"replace":true},"block.pointed_dripstone.drip_water":{"sounds":[{"name":"block\/pointed_dripstone\/drip_water1","volume":0.05},{"name":"block\/pointed_dripstone\/drip_water2","volume":0.05},{"name":"block\/pointed_dripstone\/drip_water3","volume":0.05},{"name":"block\/pointed_dripstone\/drip_water4","volume":0.05},{"name":"block\/pointed_dripstone\/drip_water5","volume":0.05},{"name":"block\/pointed_dripstone\/drip_water6","volume":0.05},{"name":"block\/pointed_dripstone\/drip_water7","volume":0.05},{"name":"block\/pointed_dripstone\/drip_water8","volume":0.05},{"name":"block\/pointed_dripstone\/drip_water9","volume":0.05},{"name":"block\/pointed_dripstone\/drip_water10","volume":0.05},{"name":"block\/pointed_dripstone\/drip_water11","volume":0.05},{"name":"block\/pointed_dripstone\/drip_water12","volume":0.05},{"name":"block\/pointed_dripstone\/drip_water13","volume":0.05},{"name":"block\/pointed_dripstone\/drip_water14","volume":0.05},{"name":"block\/pointed_dripstone\/drip_water15","volume":0.05}],"replace":true,"subtitle":"subtitles.block.pointed_dripstone.drip_water"},"block.pointed_dripstone.drip_water_into_cauldron":{"sounds":[{"name":"block\/pointed_dripstone\/drip_water_cauldron1","volume":0.05},{"name":"block\/pointed_dripstone\/drip_water_cauldron2","volume":0.05},{"name":"block\/pointed_dripstone\/drip_water_cauldron3","volume":0.05},{"name":"block\/pointed_dripstone\/drip_water_cauldron4","volume":0.05},{"name":"block\/pointed_dripstone\/drip_water_cauldron5","volume":0.05},{"name":"block\/pointed_dripstone\/drip_water_cauldron6","volume":0.05},{"name":"block\/pointed_dripstone\/drip_water_cauldron7","volume":0.05},{"name":"block\/pointed_dripstone\/drip_water_cauldron8","volume":0.05}],"replace":true,"subtitle":"subtitles.block.pointed_dripstone.drip_water_into_cauldron"},"block.water.ambient":{"sounds":[{"name":"liquid\/water","volume":0.05}],"replace":true,"subtitle":"subtitles.block.water.ambient"},"entity.player.swim":{"sounds":[{"name":"liquid\/swim5","volume":0.05},{"name":"liquid\/swim6","volume":0.05},{"name":"liquid\/swim7","volume":0.05},{"name":"liquid\/swim8","volume":0.05},{"name":"liquid\/swim9","volume":0.05},{"name":"liquid\/swim10","volume":0.05},{"name":"liquid\/swim11","volume":0.05},{"name":"liquid\/swim12","volume":0.05},{"name":"liquid\/swim13","volume":0.05},{"name":"liquid\/swim14","volume":0.05},{"name":"liquid\/swim15","volume":0.05},{"name":"liquid\/swim16","volume":0.05},{"name":"liquid\/swim17","volume":0.05},{"name":"liquid\/swim18","volume":0.05}],"replace":true,"subtitle":"subtitles.entity.generic.swim"},"entity.player.burp":{"sounds":[{"name":"random\/burp","volume":0.05}],"replace":true,"subtitle":"subtitles.entity.player.burp"},"entity.generic.drink":{"sounds":[{"name":"random\/drink","volume":0.05}],"replace":true,"subtitle":"subtitles.entity.generic.drink"},"entity.generic.eat":{"sounds":[{"name":"random\/eat1","volume":0.05},{"name":"random\/eat2","volume":0.05},{"name":"random\/eat3","volume":0.05}],"replace":true,"subtitle":"subtitles.entity.generic.eat"},"block.piston.contract":{"sounds":[{"name":"tile\/piston\/in","volume":0.05}],"replace":true,"subtitle":"subtitles.block.piston.move"},"block.piston.extend":{"sounds":[{"name":"tile\/piston\/out","volume":0.05}],"replace":true,"subtitle":"subtitles.block.piston.move"},"item.flintandsteel.use":{"sounds":[{"name":"fire\/ignite","volume":0.05}],"replace":true,"subtitle":"subtitles.item.flintandsteel.use"},"entity.generic.extinguish_fire":{"sounds":[{"name":"random\/fizz","volume":0.05}],"replace":true,"subtitle":"subtitles.entity.generic.extinguish_fire"},"block.fire.extinguish":{"sounds":[{"name":"random\/fizz","volume":0.05}],"replace":true,"subtitle":"subtitles.block.fire.extinguish"},"entity.player.hurt_on_fire":{"sounds":[{"name":"entity\/player\/hurt\/fire_hurt1","volume":0.05},{"name":"entity\/player\/hurt\/fire_hurt2","volume":0.05},{"name":"entity\/player\/hurt\/fire_hurt3","volume":0.05}],"replace":true,"subtitle":"subtitles.entity.player.hurt_on_fire"},"block.fire.ambient":{"sounds":[{"name":"fire\/fire","volume":0.05}],"replace":true,"subtitle":"subtitles.block.fire.ambient"},"entity.minecart.inside":{"sounds":[{"name":"minecart\/inside","volume":0.05}],"replace":true},"entity.minecart.inside.underwater":{"sounds":[{"name":"minecart\/inside_underwater1","volume":0.05},{"name":"minecart\/inside_underwater2","volume":0.05},{"name":"minecart\/inside_underwater3","volume":0.05}],"replace":true},"entity.minecart.riding":{"sounds":[{"name":"minecart\/base","volume":0.05}],"replace":true,"subtitle":"subtitles.entity.minecart.riding"},"block.dispenser.dispense":{"sounds":[{"name":"random\/click","volume":0.05}],"replace":true,"subtitle":"subtitles.block.dispenser.dispense"},"block.dispenser.fail":{"sounds":[{"name":"random\/click","volume":0.05}],"replace":true,"subtitle":"subtitles.block.dispenser.fail"},"block.dispenser.launch":{"sounds":[{"name":"random\/bow","volume":0.05}],"replace":true,"subtitle":"subtitles.block.dispenser.dispense"},"entity.generic.explode":{"sounds":[{"name":"random\/explode1","volume":0.05},{"name":"random\/explode2","volume":0.05},{"name":"random\/explode3","volume":0.05},{"name":"random\/explode4","volume":0.05}],"replace":true,"subtitle":"subtitles.entity.generic.explode"},"entity.lightning_bolt.thunder":{"sounds":[{"name":"ambient\/weather\/thunder1","volume":0.05},{"name":"ambient\/weather\/thunder2","volume":0.05},{"name":"ambient\/weather\/thunder3","volume":0.05}],"replace":true,"subtitle":"subtitles.entity.lightning_bolt.thunder"},"item.trident.thunder":{"sounds":[{"name":"item\/trident\/thunder1","volume":0.05},{"name":"item\/trident\/thunder2","volume":0.05}],"replace":true,"subtitle":"subtitles.item.trident.thunder"},"weather.rain":{"sounds":[{"name":"ambient\/weather\/rain1","volume":0.05},{"name":"ambient\/weather\/rain2","volume":0.05},{"name":"ambient\/weather\/rain3","volume":0.05},{"name":"ambient\/weather\/rain4","volume":0.05},{"name":"ambient\/weather\/rain5","volume":0.05},{"name":"ambient\/weather\/rain6","volume":0.05},{"name":"ambient\/weather\/rain7","volume":0.05},{"name":"ambient\/weather\/rain8","volume":0.05}],"replace":true,"subtitle":"subtitles.weather.rain"},"weather.rain.above":{"sounds":[{"name":"ambient\/weather\/rain1","volume":0.05},{"name":"ambient\/weather\/rain2","volume":0.05},{"name":"ambient\/weather\/rain3","volume":0.05},{"name":"ambient\/weather\/rain4","volume":0.05}],"replace":true,"subtitle":"subtitles.weather.rain"},"entity.zombie.ambient":{"sounds":[{"name":"mob\/zombie\/say1","volume":0.05},{"name":"mob\/zombie\/say2","volume":0.05},{"name":"mob\/zombie\/say3","volume":0.05}],"replace":true,"subtitle":"subtitles.entity.zombie.ambient"},"entity.zombie.attack_iron_door":{"sounds":[{"name":"mob\/zombie\/metal1","volume":0.05},{"name":"mob\/zombie\/metal2","volume":0.05},{"name":"mob\/zombie\/metal3","volume":0.05}],"replace":true,"subtitle":"subtitles.block.generic.break"},"entity.zombie.attack_wooden_door":{"sounds":[{"name":"mob\/zombie\/wood1","volume":0.05},{"name":"mob\/zombie\/wood2","volume":0.05},{"name":"mob\/zombie\/wood3","volume":0.05},{"name":"mob\/zombie\/wood4","volume":0.05}],"replace":true,"subtitle":"subtitles.entity.zombie.attack_wooden_door"},"entity.zombie.break_wooden_door":{"sounds":[{"name":"mob\/zombie\/woodbreak","volume":0.05}],"replace":true,"subtitle":"subtitles.entity.zombie.break_wooden_door"},"entity.zombie.converted_to_drowned":{"sounds":[{"name":"mob\/drowned\/convert1","volume":0.05},{"name":"mob\/drowned\/convert2","volume":0.05},{"name":"mob\/drowned\/convert3","volume":0.05}],"replace":true,"subtitle":"subtitles.entity.zombie.converted_to_drowned"},"entity.zombie.death":{"sounds":[{"name":"mob\/zombie\/death","volume":0.05}],"replace":true,"subtitle":"subtitles.entity.zombie.death"},"entity.zombie.destroy_egg":{"sounds":[{"name":"mob\/turtle\/egg\/jump_egg1","volume":0.05},{"name":"mob\/turtle\/egg\/jump_egg2","volume":0.05},{"name":"mob\/turtle\/egg\/jump_egg3","volume":0.05},{"name":"mob\/turtle\/egg\/jump_egg4","volume":0.05}],"replace":true,"subtitle":"subtitles.entity.zombie.destroy_egg"},"entity.zombie.hurt":{"sounds":[{"name":"mob\/zombie\/hurt1","volume":0.05},{"name":"mob\/zombie\/hurt2","volume":0.05}],"replace":true,"subtitle":"subtitles.entity.zombie.hurt"},"entity.zombie.infect":{"sounds":[{"name":"mob\/zombie\/infect","volume":0.05}],"replace":true,"subtitle":"subtitles.entity.zombie.infect"},"entity.zombie.step":{"sounds":[{"name":"mob\/zombie\/step1","volume":0.05},{"name":"mob\/zombie\/step2","volume":0.05},{"name":"mob\/zombie\/step3","volume":0.05},{"name":"mob\/zombie\/step4","volume":0.05},{"name":"mob\/zombie\/step5","volume":0.05}],"replace":true,"subtitle":"subtitles.block.generic.footsteps"},"entity.drowned.ambient":{"sounds":[{"name":"mob\/drowned\/idle1","volume":0.045},{"name":"mob\/drowned\/idle2","volume":0.045},{"name":"mob\/drowned\/idle3","volume":0.045},{"name":"mob\/drowned\/idle4","volume":0.045},{"name":"mob\/drowned\/idle5","volume":0.045}],"replace":true,"subtitle":"subtitles.entity.drowned.ambient"},"entity.drowned.ambient_water":{"sounds":[{"name":"mob\/drowned\/water\/idle1","volume":0.045},{"name":"mob\/drowned\/water\/idle2","volume":0.045},{"name":"mob\/drowned\/water\/idle3","volume":0.045},{"name":"mob\/drowned\/water\/idle4","volume":0.045}],"replace":true,"subtitle":"subtitles.entity.drowned.ambient_water"},"entity.drowned.death":{"sounds":[{"name":"mob\/drowned\/death1","volume":0.045},{"name":"mob\/drowned\/death2","volume":0.045}],"replace":true,"subtitle":"subtitles.entity.drowned.death"},"entity.drowned.death_water":{"sounds":[{"name":"mob\/drowned\/water\/death1","volume":0.045},{"name":"mob\/drowned\/water\/death2","volume":0.045}],"replace":true,"subtitle":"subtitles.entity.drowned.death"},"entity.drowned.hurt":{"sounds":[{"name":"mob\/drowned\/hurt1","volume":0.045},{"name":"mob\/drowned\/hurt2","volume":0.045},{"name":"mob\/drowned\/hurt3","volume":0.045}],"replace":true,"subtitle":"subtitles.entity.drowned.hurt"},"entity.drowned.hurt_water":{"sounds":[{"name":"mob\/drowned\/water\/hurt1","volume":0.045},{"name":"mob\/drowned\/water\/hurt2","volume":0.045},{"name":"mob\/drowned\/water\/hurt3","volume":0.045}],"replace":true,"subtitle":"subtitles.entity.drowned.hurt"},"entity.drowned.shoot":{"sounds":[{"name":"item\/trident\/throw1","volume":0.05},{"name":"item\/trident\/throw2","volume":0.05}],"replace":true,"subtitle":"subtitles.entity.drowned.shoot"},"entity.drowned.step":{"sounds":[{"name":"mob\/drowned\/step1","volume":0.05},{"name":"mob\/drowned\/step2","volume":0.05},{"name":"mob\/drowned\/step3","volume":0.05},{"name":"mob\/drowned\/step4","volume":0.05},{"name":"mob\/drowned\/step5","volume":0.05}],"replace":true,"subtitle":"subtitles.block.generic.footsteps"},"entity.drowned.swim":{"sounds":[{"name":"liquid\/swim1","volume":0.05},{"name":"liquid\/swim2","volume":0.05},{"name":"liquid\/swim3","volume":0.05},{"name":"liquid\/swim4","volume":0.05},{"name":"liquid\/swim5","volume":0.05}],"replace":true,"subtitle":"subtitles.entity.drowned.swim"},"entity.husk.ambient":{"sounds":[{"name":"mob\/husk\/idle1","volume":0.05},{"name":"mob\/husk\/idle2","volume":0.05},{"name":"mob\/husk\/idle3","volume":0.05}],"replace":true,"subtitle":"subtitles.entity.husk.ambient"},"entity.husk.converted_to_zombie":{"sounds":[{"name":"mob\/husk\/convert1","volume":0.04},{"name":"mob\/husk\/convert2","volume":0.04}],"replace":true,"subtitle":"subtitles.entity.husk.converted_to_zombie"},"entity.husk.death":{"sounds":[{"name":"mob\/husk\/death1","volume":0.05},{"name":"mob\/husk\/death2","volume":0.05}],"replace":true,"subtitle":"subtitles.entity.husk.death"},"entity.husk.hurt":{"sounds":[{"name":"mob\/husk\/hurt1","volume":0.05},{"name":"mob\/husk\/hurt2","volume":0.05}],"replace":true,"subtitle":"subtitles.entity.husk.hurt"},"entity.husk.step":{"sounds":[{"name":"mob\/husk\/step1","volume":0.05},{"name":"mob\/husk\/step2","volume":0.05},{"name":"mob\/husk\/step3","volume":0.05},{"name":"mob\/husk\/step4","volume":0.05},{"name":"mob\/husk\/step5","volume":0.05}],"replace":true,"subtitle":"subtitles.block.generic.footsteps"},"entity.zombie_villager.ambient":{"sounds":[{"name":"mob\/zombie_villager\/say1","volume":0.05},{"name":"mob\/zombie_villager\/say2","volume":0.05},{"name":"mob\/zombie_villager\/say3","volume":0.05}],"replace":true,"subtitle":"subtitles.entity.zombie_villager.ambient"},"entity.zombie_villager.converted":{"sounds":[{"name":"mob\/zombie\/unfect","volume":0.05}],"replace":true,"subtitle":"subtitles.entity.zombie_villager.converted"},"entity.zombie_villager.cure":{"sounds":[{"name":"mob\/zombie\/remedy","volume":0.05}],"replace":true,"subtitle":"subtitles.entity.zombie_villager.cure"},"entity.zombie_villager.death":{"sounds":[{"name":"mob\/zombie_villager\/death","volume":0.05}],"replace":true,"subtitle":"subtitles.entity.zombie_villager.death"},"entity.zombie_villager.hurt":{"sounds":[{"name":"mob\/zombie_villager\/hurt1","volume":0.05},{"name":"mob\/zombie_villager\/hurt2","volume":0.05}],"replace":true,"subtitle":"subtitles.entity.zombie_villager.hurt"},"entity.zombie_villager.step":{"sounds":[{"name":"mob\/zombie\/step1","volume":0.05},{"name":"mob\/zombie\/step2","volume":0.05},{"name":"mob\/zombie\/step3","volume":0.05},{"name":"mob\/zombie\/step4","volume":0.05},{"name":"mob\/zombie\/step5","volume":0.05}],"replace":true,"subtitle":"subtitles.block.generic.footsteps"},"entity.villager.ambient":{"sounds":[{"name":"mob\/villager\/idle1","volume":0.05},{"name":"mob\/villager\/idle2","volume":0.05},{"name":"mob\/villager\/idle3","volume":0.05}],"replace":true,"subtitle":"subtitles.entity.villager.ambient"},"entity.villager.celebrate":{"sounds":[{"name":"mob\/villager\/yes1","volume":0.05},{"name":"mob\/villager\/yes2","volume":0.05},{"name":"mob\/villager\/yes3","volume":0.05}],"replace":true,"subtitle":"subtitles.entity.villager.celebrate"},"entity.villager.death":{"sounds":[{"name":"mob\/villager\/death","volume":0.05}],"replace":true,"subtitle":"subtitles.entity.villager.death"},"entity.villager.hurt":{"sounds":[{"name":"mob\/villager\/hit1","volume":0.05},{"name":"mob\/villager\/hit2","volume":0.05},{"name":"mob\/villager\/hit3","volume":0.05},{"name":"mob\/villager\/hit4","volume":0.05}],"replace":true,"subtitle":"subtitles.entity.villager.hurt"},"entity.villager.no":{"sounds":[{"name":"mob\/villager\/no1","volume":0.05},{"name":"mob\/villager\/no2","volume":0.05},{"name":"mob\/villager\/no3","volume":0.05}],"replace":true,"subtitle":"subtitles.entity.villager.no"},"entity.villager.trade":{"sounds":[{"name":"mob\/villager\/haggle1","volume":0.05},{"name":"mob\/villager\/haggle2","volume":0.05},{"name":"mob\/villager\/haggle3","volume":0.05}],"replace":true,"subtitle":"subtitles.entity.villager.trade"},"entity.villager.work_armorer":{"sounds":[{"name":"block\/blastfurnace\/blastfurnace1","volume":0.05},{"name":"block\/blastfurnace\/blastfurnace2","volume":0.05},{"name":"block\/blastfurnace\/blastfurnace3","volume":0.05},{"name":"block\/blastfurnace\/blastfurnace4","volume":0.05},{"name":"block\/blastfurnace\/blastfurnace5","volume":0.05}],"replace":true,"subtitle":"subtitles.entity.villager.work_armorer"},"entity.villager.work_butcher":{"sounds":[{"name":"block\/smoker\/smoker1","volume":0.05},{"name":"block\/smoker\/smoker2","volume":0.05},{"name":"block\/smoker\/smoker3","volume":0.05},{"name":"block\/smoker\/smoker4","volume":0.05},{"name":"block\/smoker\/smoker5","volume":0.05}],"replace":true,"subtitle":"subtitles.entity.villager.work_butcher"},"entity.villager.work_cartographer":{"sounds":[{"name":"ui\/cartography_table\/drawmap1","volume":0.05},{"name":"ui\/cartography_table\/drawmap2","volume":0.05},{"name":"ui\/cartography_table\/drawmap3","volume":0.05}],"replace":true,"subtitle":"subtitles.entity.villager.work_cartographer"},"entity.villager.work_cleric":{"sounds":[{"name":"block\/brewing_stand\/brew1","volume":0.05},{"name":"block\/brewing_stand\/brew2","volume":0.05}],"replace":true,"subtitle":"subtitles.entity.villager.work_cleric"},"entity.villager.work_farmer":{"sounds":[{"name":"block\/composter\/fill_success1","volume":0.05},{"name":"block\/composter\/fill_success2","volume":0.05},{"name":"block\/composter\/fill_success3","volume":0.05},{"name":"block\/composter\/fill_success4","volume":0.05}],"replace":true,"subtitle":"subtitles.entity.villager.work_farmer"},"entity.villager.work_fisherman":{"sounds":[{"name":"block\/barrel\/open1","volume":0.05},{"name":"block\/barrel\/open2","volume":0.05}],"replace":true,"subtitle":"subtitles.entity.villager.work_fisherman"},"entity.villager.work_fletcher":{"sounds":[{"name":"block\/fletching_table\/fletching_table1","volume":0.05},{"name":"block\/fletching_table\/fletching_table2","volume":0.05}],"replace":true,"subtitle":"subtitles.entity.villager.work_fletcher"},"entity.villager.work_leatherworker":{"sounds":[{"name":"block\/cauldron\/dye1","volume":0.045},{"name":"block\/cauldron\/dye2","volume":0.045},{"name":"block\/cauldron\/dye3","volume":0.045}],"replace":true,"subtitle":"subtitles.entity.villager.work_leatherworker"},"entity.villager.work_librarian":{"sounds":[{"name":"item\/book\/open_flip1","volume":0.1},{"name":"item\/book\/open_flip2","volume":0.1},{"name":"item\/book\/open_flip3","volume":0.1}],"replace":true,"subtitle":"subtitles.entity.villager.work_librarian"},"entity.villager.work_mason":{"sounds":[{"name":"ui\/stonecutter\/cut1","pitch":0.92,"volume":0.05},{"name":"ui\/stonecutter\/cut1","volume":0.05},{"name":"ui\/stonecutter\/cut2","pitch":0.92,"volume":0.05},{"name":"ui\/stonecutter\/cut2","volume":0.05}],"replace":true,"subtitle":"subtitles.entity.villager.work_mason"},"entity.villager.work_shepherd":{"sounds":[{"name":"ui\/loom\/take_result1","volume":0.025},{"name":"ui\/loom\/take_result2","volume":0.025}],"replace":true,"subtitle":"subtitles.entity.villager.work_shepherd"},"entity.villager.work_toolsmith":{"sounds":[{"name":"block\/smithing_table\/smithing_table1","volume":0.05},{"name":"block\/smithing_table\/smithing_table2","volume":0.05},{"name":"block\/smithing_table\/smithing_table3","volume":0.05}],"replace":true,"subtitle":"subtitles.entity.villager.work_toolsmith"},"entity.villager.work_weaponsmith":{"sounds":[{"name":"block\/grindstone\/grindstone1","volume":0.025},{"name":"block\/grindstone\/grindstone2","volume":0.025},{"name":"block\/grindstone\/grindstone3","volume":0.025}],"replace":true,"subtitle":"subtitles.entity.villager.work_weaponsmith"},"entity.villager.yes":{"sounds":[{"name":"mob\/villager\/yes1","volume":0.025},{"name":"mob\/villager\/yes2","volume":0.025},{"name":"mob\/villager\/yes3","volume":0.025}],"replace":true,"subtitle":"subtitles.entity.villager.yes"},"entity.wandering_trader.ambient":{"sounds":[{"name":"mob\/wandering_trader\/idle1","volume":0.05},{"name":"mob\/wandering_trader\/idle2","volume":0.05},{"name":"mob\/wandering_trader\/idle3","volume":0.05},{"name":"mob\/wandering_trader\/idle4","volume":0.05},{"name":"mob\/wandering_trader\/idle5","volume":0.05}],"replace":true,"subtitle":"subtitles.entity.wandering_trader.ambient"},"entity.wandering_trader.death":{"sounds":[{"name":"mob\/wandering_trader\/death","volume":0.05}],"replace":true,"subtitle":"subtitles.entity.wandering_trader.death"},"entity.wandering_trader.disappeared":{"sounds":[{"name":"mob\/wandering_trader\/disappeared1","volume":0.04},{"name":"mob\/wandering_trader\/disappeared2","volume":0.04}],"replace":true,"subtitle":"subtitles.entity.wandering_trader.disappeared"},"entity.wandering_trader.drink_milk":{"sounds":[{"name":"mob\/wandering_trader\/drink_milk1","volume":0.05},{"name":"mob\/wandering_trader\/drink_milk2","volume":0.05},{"name":"mob\/wandering_trader\/drink_milk3","volume":0.05},{"name":"mob\/wandering_trader\/drink_milk4","volume":0.05},{"name":"mob\/wandering_trader\/drink_milk5","volume":0.05}],"replace":true,"subtitle":"subtitles.entity.wandering_trader.drink_milk"},"entity.wandering_trader.drink_potion":{"sounds":[{"name":"mob\/wandering_trader\/drink_potion","volume":0.035},{"name":"random\/drink","volume":0.0325}],"replace":true,"subtitle":"subtitles.entity.wandering_trader.drink_potion"},"entity.wandering_trader.hurt":{"sounds":[{"name":"mob\/wandering_trader\/hurt1","volume":0.05},{"name":"mob\/wandering_trader\/hurt2","volume":0.05},{"name":"mob\/wandering_trader\/hurt3","volume":0.05},{"name":"mob\/wandering_trader\/hurt4","volume":0.05}],"replace":true,"subtitle":"subtitles.entity.wandering_trader.hurt"},"entity.wandering_trader.no":{"sounds":[{"name":"mob\/wandering_trader\/no1","volume":0.05},{"name":"mob\/wandering_trader\/no2","volume":0.05},{"name":"mob\/wandering_trader\/no3","volume":0.05},{"name":"mob\/wandering_trader\/no4","volume":0.05},{"name":"mob\/wandering_trader\/no5","volume":0.05}],"replace":true,"subtitle":"subtitles.entity.wandering_trader.no"},"entity.wandering_trader.reappeared":{"sounds":[{"name":"mob\/wandering_trader\/reappeared1","volume":0.04},{"name":"mob\/wandering_trader\/reappeared2","volume":0.04}],"replace":true,"subtitle":"subtitles.entity.wandering_trader.reappeared"},"entity.wandering_trader.trade":{"sounds":[{"name":"mob\/wandering_trader\/haggle1","volume":0.05},{"name":"mob\/wandering_trader\/haggle2","volume":0.05},{"name":"mob\/wandering_trader\/haggle3","volume":0.05}],"replace":true,"subtitle":"subtitles.entity.wandering_trader.trade"},"entity.wandering_trader.yes":{"sounds":[{"name":"mob\/wandering_trader\/yes1","volume":0.05},{"name":"mob\/wandering_trader\/yes2","volume":0.05},{"name":"mob\/wandering_trader\/yes3","volume":0.05},{"name":"mob\/wandering_trader\/yes4","volume":0.05}],"replace":true,"subtitle":"subtitles.entity.wandering_trader.yes"},"entity.spider.ambient":{"sounds":[{"name":"mob\/spider\/say1","volume":0.05},{"name":"mob\/spider\/say2","volume":0.05},{"name":"mob\/spider\/say3","volume":0.05},{"name":"mob\/spider\/say4","volume":0.05}],"replace":true,"subtitle":"subtitles.entity.spider.ambient"},"entity.spider.death":{"sounds":[{"name":"mob\/spider\/death","volume":0.05}],"replace":true,"subtitle":"subtitles.entity.spider.death"},"entity.spider.hurt":{"sounds":[{"name":"mob\/spider\/say1","volume":0.05},{"name":"mob\/spider\/say2","volume":0.05},{"name":"mob\/spider\/say3","volume":0.05},{"name":"mob\/spider\/say4","volume":0.05}],"replace":true,"subtitle":"subtitles.entity.spider.hurt"},"entity.spider.step":{"sounds":[{"name":"mob\/spider\/step1","volume":0.05},{"name":"mob\/spider\/step2","volume":0.05},{"name":"mob\/spider\/step3","volume":0.05},{"name":"mob\/spider\/step4","volume":0.05}],"replace":true,"subtitle":"subtitles.block.generic.footsteps"},"entity.pig.ambient":{"sounds":[{"name":"mob\/pig\/say1","volume":0.05},{"name":"mob\/pig\/say2","volume":0.05},{"name":"mob\/pig\/say3","volume":0.05}],"replace":true,"subtitle":"subtitles.entity.pig.ambient"},"entity.pig.death":{"sounds":[{"name":"mob\/pig\/death","volume":0.05}],"replace":true,"subtitle":"subtitles.entity.pig.death"},"entity.pig.hurt":{"sounds":[{"name":"mob\/pig\/say1","volume":0.05},{"name":"mob\/pig\/say2","volume":0.05},{"name":"mob\/pig\/say3","volume":0.05}],"replace":true,"subtitle":"subtitles.entity.pig.hurt"},"entity.pig.saddle":{"sounds":[{"name":"mob\/horse\/leather","volume":0.05}],"replace":true,"subtitle":"subtitles.entity.pig.saddle"},"entity.pig.step":{"sounds":[{"name":"mob\/pig\/step1","volume":0.05},{"name":"mob\/pig\/step2","volume":0.05},{"name":"mob\/pig\/step3","volume":0.05},{"name":"mob\/pig\/step4","volume":0.05},{"name":"mob\/pig\/step5","volume":0.05}],"replace":true,"subtitle":"subtitles.block.generic.footsteps"},"entity.sheep.ambient":{"sounds":[{"name":"mob\/sheep\/say1","volume":0.05},{"name":"mob\/sheep\/say2","volume":0.05},{"name":"mob\/sheep\/say3","volume":0.05}],"replace":true,"subtitle":"subtitles.entity.sheep.ambient"},"entity.sheep.death":{"sounds":["mob\/sheep\/say1","mob\/sheep\/say2","mob\/sheep\/say3"],"subtitle":"subtitles.entity.sheep.death"},"entity.sheep.hurt":{"sounds":[{"name":"mob\/sheep\/say1","volume":0.05},{"name":"mob\/sheep\/say2","volume":0.05},{"name":"mob\/sheep\/say3","volume":0.05}],"replace":true,"subtitle":"subtitles.entity.sheep.hurt"},"entity.sheep.shear":{"sounds":[{"name":"mob\/sheep\/shear","volume":0.05}],"replace":true,"subtitle":"subtitles.item.shears.shear"},"entity.sheep.step":{"sounds":[{"name":"mob\/sheep\/step1","volume":0.05},{"name":"mob\/sheep\/step2","volume":0.05},{"name":"mob\/sheep\/step3","volume":0.05},{"name":"mob\/sheep\/step4","volume":0.05},{"name":"mob\/sheep\/step5","volume":0.05}],"replace":true,"subtitle":"subtitles.block.generic.footsteps"},"entity.iron_golem.attack":{"sounds":[{"name":"mob\/irongolem\/throw","volume":0.04}],"replace":true,"subtitle":"subtitles.entity.iron_golem.attack"},"entity.iron_golem.damage":{"sounds":[{"name":"mob\/irongolem\/damage1","volume":0.04},{"name":"mob\/irongolem\/damage1","pitch":0.8,"volume":0.04},{"name":"mob\/irongolem\/damage2","volume":0.04},{"name":"mob\/irongolem\/damage2","pitch":0.8,"volume":0.04}],"replace":true,"subtitle":"subtitles.entity.iron_golem.damage"},"entity.iron_golem.death":{"sounds":[{"name":"mob\/irongolem\/death","volume":0.05}],"replace":true,"subtitle":"subtitles.entity.iron_golem.death"},"entity.iron_golem.hurt":{"sounds":[{"name":"mob\/irongolem\/hit1","volume":0.05},{"name":"mob\/irongolem\/hit2","volume":0.05},{"name":"mob\/irongolem\/hit3","volume":0.05},{"name":"mob\/irongolem\/hit4","volume":0.05}],"replace":true,"subtitle":"subtitles.entity.iron_golem.hurt"},"entity.iron_golem.repair":{"sounds":[{"name":"mob\/irongolem\/repair","volume":0.05}],"replace":true,"subtitle":"subtitles.entity.iron_golem.repair"},"entity.iron_golem.step":{"sounds":[{"name":"mob\/irongolem\/walk1","volume":0.05},{"name":"mob\/irongolem\/walk2","volume":0.05},{"name":"mob\/irongolem\/walk3","volume":0.05},{"name":"mob\/irongolem\/walk4","volume":0.05}],"replace":true,"subtitle":"subtitles.block.generic.footsteps"},"entity.enderman.ambient":{"sounds":[{"name":"mob\/endermen\/idle1","volume":0.05},{"name":"mob\/endermen\/idle2","volume":0.05},{"name":"mob\/endermen\/idle3","volume":0.05},{"name":"mob\/endermen\/idle4","volume":0.05},{"name":"mob\/endermen\/idle5","volume":0.05}],"replace":true,"subtitle":"subtitles.entity.enderman.ambient"},"entity.enderman.death":{"sounds":[{"name":"mob\/endermen\/death","volume":0.05}],"replace":true,"subtitle":"subtitles.entity.enderman.death"},"entity.enderman.hurt":{"sounds":[{"name":"mob\/endermen\/hit1","volume":0.05},{"name":"mob\/endermen\/hit2","volume":0.05},{"name":"mob\/endermen\/hit3","volume":0.05},{"name":"mob\/endermen\/hit4","volume":0.05}],"replace":true,"subtitle":"subtitles.entity.enderman.hurt"},"entity.enderman.scream":{"sounds":[{"name":"mob\/endermen\/scream1","volume":0.05},{"name":"mob\/endermen\/scream2","volume":0.05},{"name":"mob\/endermen\/scream3","volume":0.05},{"name":"mob\/endermen\/scream4","volume":0.05}],"replace":true,"subtitle":"subtitles.entity.enderman.scream"},"entity.enderman.stare":{"sounds":[{"name":"mob\/endermen\/stare","volume":0.05}],"replace":true,"subtitle":"subtitles.entity.enderman.stare"},"entity.enderman.teleport":{"sounds":[{"name":"mob\/endermen\/portal","volume":0.05},{"name":"mob\/endermen\/portal2","volume":0.05}],"replace":true,"subtitle":"subtitles.entity.enderman.teleport"},"entity.chicken.ambient":{"sounds":[{"name":"mob\/chicken\/say1","volume":0.05},{"name":"mob\/chicken\/say2","volume":0.05},{"name":"mob\/chicken\/say3","volume":0.05}],"replace":true,"subtitle":"subtitles.entity.chicken.ambient"},"entity.chicken.death":{"sounds":[{"name":"mob\/chicken\/hurt1","volume":0.05},{"name":"mob\/chicken\/hurt2","volume":0.05}],"replace":true,"subtitle":"subtitles.entity.chicken.death"},"entity.chicken.egg":{"sounds":[{"name":"mob\/chicken\/plop","volume":0.05}],"replace":true,"subtitle":"subtitles.entity.chicken.egg"},"entity.chicken.hurt":{"sounds":[{"name":"mob\/chicken\/hurt1","volume":0.05},{"name":"mob\/chicken\/hurt2","volume":0.05}],"replace":true,"subtitle":"subtitles.entity.chicken.hurt"},"entity.chicken.step":{"sounds":[{"name":"mob\/chicken\/step1","volume":0.05},{"name":"mob\/chicken\/step2","volume":0.05}],"replace":true,"subtitle":"subtitles.block.generic.footsteps"},"entity.cow.ambient":{"sounds":[{"name":"mob\/cow\/say1","volume":0.05},{"name":"mob\/cow\/say2","volume":0.05},{"name":"mob\/cow\/say3","volume":0.05},{"name":"mob\/cow\/say4","volume":0.05}],"replace":true,"subtitle":"subtitles.entity.cow.ambient"},"entity.cow.death":{"sounds":[{"name":"mob\/cow\/hurt1","volume":0.05},{"name":"mob\/cow\/hurt2","volume":0.05},{"name":"mob\/cow\/hurt3","volume":0.05}],"replace":true,"subtitle":"subtitles.entity.cow.death"},"entity.cow.hurt":{"sounds":[{"name":"mob\/cow\/hurt1","volume":0.05},{"name":"mob\/cow\/hurt2","volume":0.05},{"name":"mob\/cow\/hurt3","volume":0.05}],"replace":true,"subtitle":"subtitles.entity.cow.hurt"},"entity.cow.milk":{"sounds":[{"name":"mob\/cow\/milk1","volume":0.05},{"name":"mob\/cow\/milk2","volume":0.05},{"name":"mob\/cow\/milk3","volume":0.05}],"replace":true,"subtitle":"subtitles.entity.cow.milk"},"entity.cow.step":{"sounds":[{"name":"mob\/cow\/step1","volume":0.05},{"name":"mob\/cow\/step2","volume":0.05},{"name":"mob\/cow\/step3","volume":0.05},{"name":"mob\/cow\/step4","volume":0.05}],"replace":true,"subtitle":"subtitles.block.generic.footsteps"}}